"Horodateur","À quelle fréquence utilisez vous les réseaux sociaux ?","Vous considérez vous à l’aise avec les outils numériques (applications, sites web, plateformes en ligne) ?","Diriez vous que la présence de la mention “sponsorisé” Diminue fortement votre confiance ?","Tranche d’âge :","Niveau d’études :"
"2025/12/30 2:21:27 PM UTC+1","Plusieurs fois par jour","Totalement d'accord","Pas du tout d'accord","18–24","Université"
"2025/12/30 2:21:31 PM UTC+1","","","","",""
"2025/12/30 2:24:42 PM UTC+1","Plusieurs fois par jour","Pas d'accord","Totalement d'accord","18–24","Université"
"2025/12/30 2:25:39 PM UTC+1","Plusieurs fois par jour","Pas d'accord","Neutre","18–24","Université"
"2025/12/30 2:25:45 PM UTC+1","Une fois par jour","Totalement d'accord","Neutre","18–24","Université"
"2025/12/30 2:26:40 PM UTC+1","Plusieurs fois par jour","Totalement d'accord","Neutre","18–24","Université"
"2025/12/30 2:26:55 PM UTC+1","Plusieurs fois par jour","Neutre","D'accord","18–24","Université"
"2025/12/30 2:27:51 PM UTC+1","Plusieurs fois par jour","Totalement d'accord","Totalement d'accord","18–24","Université"
"2025/12/30 2:28:12 PM UTC+1","Plusieurs fois par jour","Neutre","Pas d'accord","18–24","Autre"
"2025/12/30 2:28:26 PM UTC+1","Une fois par jour","D'accord","Pas du tout d'accord","18–24","Université"
"2025/12/30 2:29:09 PM UTC+1","Plusieurs fois par jour","D'accord","D'accord","18–24","Université"
"2025/12/30 2:30:10 PM UTC+1","Plusieurs fois par jour","Totalement d'accord","Totalement d'accord","18–24","Université"
"2025/12/30 2:34:08 PM UTC+1","Plusieurs fois par jour","Totalement d'accord","Totalement d'accord","18–24","Université"
"2025/12/30 2:35:11 PM UTC+1","Plusieurs fois par jour","Neutre","Neutre","18–24","Université"
"2025/12/30 2:35:14 PM UTC+1","Plusieurs fois par jour","Neutre","Neutre","18–24","Université"
"2025/12/30 2:35:56 PM UTC+1","Plusieurs fois par jour","Totalement d'accord","Pas d'accord","25–34","Université"
"2025/12/30 2:36:51 PM UTC+1","Plusieurs fois par jour","Totalement d'accord","Neutre","18–24","Université"
"2025/12/30 2:38:29 PM UTC+1","Plusieurs fois par jour","Totalement d'accord","Neutre","18–24","Université"
"2025/12/30 2:39:19 PM UTC+1","Plusieurs fois par jour","D'accord","Pas du tout d'accord","18–24","Université"
"2025/12/30 2:39:49 PM UTC+1","Plusieurs fois par jour","Neutre","Neutre","18–24","Université"
"2025/12/30 2:42:34 PM UTC+1","Plusieurs fois par jour","Totalement d'accord","Neutre","18–24","Université"
"2025/12/30 2:42:59 PM UTC+1","Quelques fois par semaine","Neutre","Neutre","18–24","Université"
"2025/12/30 2:43:10 PM UTC+1","Plusieurs fois par jour","Neutre","Neutre","25–34","Université"
"2025/12/30 2:43:36 PM UTC+1","Rarement","Neutre","Neutre","–18","Université"
"2025/12/30 2:46:45 PM UTC+1","Plusieurs fois par jour","Totalement d'accord","D'accord","18–24","Université"
"2025/12/30 2:48:11 PM UTC+1","Plusieurs fois par jour","Totalement d'accord","Neutre","18–24","Université"
"2025/12/30 2:51:38 PM UTC+1","Plusieurs fois par jour","D'accord","D'accord","18–24","Université"
"2025/12/30 2:59:21 PM UTC+1","Plusieurs fois par jour","Totalement d'accord","Neutre","18–24","Université"
"2025/12/30 2:59:25 PM UTC+1","Quelques fois par semaine","D'accord","Neutre","18–24","Université"
"2025/12/30 3:05:45 PM UTC+1","Plusieurs fois par jour","D'accord","Neutre","18–24","Université"
"2025/12/30 3:06:07 PM UTC+1","Plusieurs fois par jour","D'accord","Neutre","18–24","Université"
"2025/12/30 3:10:26 PM UTC+1","Plusieurs fois par jour","Totalement d'accord","Neutre","18–24","Université"
"2025/12/30 3:10:28 PM UTC+1","Plusieurs fois par jour","Totalement d'accord","Neutre","18–24","Université"
"2025/12/30 3:11:05 PM UTC+1","Plusieurs fois par jour","D'accord","Neutre","18–24","Université"
"2025/12/30 3:17:34 PM UTC+1","Plusieurs fois par jour","D'accord","Neutre","18–24","Université"
"2025/12/30 3:21:06 PM UTC+1","Plusieurs fois par jour","D'accord","Pas d'accord","18–24","Université"
"2025/12/30 3:21:35 PM UTC+1","Plusieurs fois par jour","Totalement d'accord","Neutre","18–24","Université"
"2025/12/30 3:22:58 PM UTC+1","Plusieurs fois par jour","Neutre","Neutre","18–24","Université"
"2025/12/30 3:23:05 PM UTC+1","","","","",""
"2025/12/30 3:27:19 PM UTC+1","Plusieurs fois par jour","D'accord","D'accord","18–24","Université"
"2025/12/30 3:30:47 PM UTC+1","Plusieurs fois par jour","Totalement d'accord","Neutre","18–24","Université"
"2025/12/30 3:39:57 PM UTC+1","Plusieurs fois par jour","D'accord","Neutre","18–24","Université"
"2025/12/30 3:46:16 PM UTC+1","Plusieurs fois par jour","Neutre","Neutre","18–24","Université"
"2025/12/30 3:48:18 PM UTC+1","Plusieurs fois par jour","Totalement d'accord","D'accord","18–24","Université"
"2025/12/30 3:53:53 PM UTC+1","Une fois par jour","D'accord","","18–24","Université"
"2025/12/30 3:59:08 PM UTC+1","Plusieurs fois par jour","Totalement d'accord","Pas d'accord","18–24","Université"
"2025/12/30 4:01:54 PM UTC+1","Plusieurs fois par jour","Totalement d'accord","Neutre","18–24","Université"
"2025/12/30 4:22:44 PM UTC+1","Plusieurs fois par jour","Totalement d'accord","Neutre","18–24","Université"
"2025/12/30 4:24:16 PM UTC+1","Une fois par jour","D'accord","Neutre","18–24","Université"
"2025/12/30 4:37:39 PM UTC+1","Plusieurs fois par jour","Totalement d'accord","Pas d'accord","18–24","Université"
"2025/12/30 4:57:51 PM UTC+1","Plusieurs fois par jour","Totalement d'accord","Neutre","18–24","Université"
"2025/12/30 5:10:03 PM UTC+1","Plusieurs fois par jour","D'accord","Neutre","35–44","Université"
"2025/12/30 5:16:04 PM UTC+1","Plusieurs fois par jour","D'accord","Neutre","18–24","Université"
"2025/12/30 5:26:46 PM UTC+1","Quelques fois par semaine","Neutre","Neutre","18–24","Université"
"2025/12/30 6:54:56 PM UTC+1","Plusieurs fois par jour","Neutre","Neutre","18–24","Université"
"2025/12/30 7:59:28 PM UTC+1","Plusieurs fois par jour","Totalement d'accord","Neutre","18–24","Université"
"2025/12/30 8:03:21 PM UTC+1","Plusieurs fois par jour","Totalement d'accord","Neutre","18–24","Université"
"2025/12/31 1:21:02 AM UTC+1","Plusieurs fois par jour","Pas du tout d'accord","Neutre","18–24","Université"
"2025/12/31 2:16:20 AM UTC+1","Plusieurs fois par jour","Neutre","Pas du tout d'accord","18–24","Université"
"2025/12/31 3:38:56 PM UTC+1","Plusieurs fois par jour","Neutre","Neutre","18–24","Université"
"2025/12/31 7:04:43 PM UTC+1","Plusieurs fois par jour","","","18–24","Université"
"2026/01/01 9:53:46 AM UTC+1","Plusieurs fois par jour","D'accord","Neutre","18–24","Université"
"2026/01/01 10:28:07 AM UTC+1","Plusieurs fois par jour","Pas du tout d'accord","D'accord","","Collège / lycée"
"2026/01/01 10:31:00 AM UTC+1","Plusieurs fois par jour","D'accord","Neutre","18–24","Collège / lycée"
"2026/01/01 2:12:51 PM UTC+1","Plusieurs fois par jour","Totalement d'accord","Neutre","18–24","Collège / lycée"
"2026/01/05 10:40:37 AM UTC+1","Plusieurs fois par jour","Neutre","Pas d'accord","18–24","Université"
"2026/01/05 1:01:33 PM UTC+1","Plusieurs fois par jour","D'accord","","18–24","Université"
"2026/01/05 1:14:59 PM UTC+1","Plusieurs fois par jour","D'accord","D'accord","18–24","Collège / lycée"
"2026/01/05 4:25:53 PM UTC+1","Plusieurs fois par jour","Totalement d'accord","Totalement d'accord","18–24","Université"
"2026/01/05 4:57:29 PM UTC+1","Plusieurs fois par jour","D'accord","Neutre","18–24","Université"
"2026/01/05 4:58:54 PM UTC+1","Plusieurs fois par jour","Totalement d'accord","Totalement d'accord","–18","Université"
"2026/01/05 5:00:15 PM UTC+1","Plusieurs fois par jour","Totalement d'accord","D'accord","18–24","Collège / lycée"
"2026/01/05 5:02:29 PM UTC+1","Plusieurs fois par jour","D'accord","Pas d'accord","18–24","Université"
"2026/01/05 5:04:00 PM UTC+1","Plusieurs fois par jour","Totalement d'accord","D'accord","18–24","Université"
"2026/01/05 5:04:24 PM UTC+1","Plusieurs fois par jour","D'accord","D'accord","18–24","Université"
"2026/01/05 5:24:54 PM UTC+1","Plusieurs fois par jour","Totalement d'accord","Totalement d'accord","18–24","Université"
"2026/01/05 5:31:55 PM UTC+1","Plusieurs fois par jour","Totalement d'accord","Totalement d'accord","18–24","Université"
"2026/01/05 5:52:42 PM UTC+1","Plusieurs fois par jour","D'accord","Neutre","18–24","Université"
"2026/01/05 5:55:24 PM UTC+1","Plusieurs fois par jour","D'accord","D'accord","18–24","Université"
"2026/01/05 6:02:55 PM UTC+1","Plusieurs fois par jour","Totalement d'accord","Totalement d'accord","18–24","Université"
"2026/01/05 6:09:38 PM UTC+1","Plusieurs fois par jour","Totalement d'accord","Totalement d'accord","18–24","Université"
"2026/01/05 6:28:32 PM UTC+1","Plusieurs fois par jour","Totalement d'accord","D'accord","–18","Université"
"2026/01/05 6:53:53 PM UTC+1","Plusieurs fois par jour","Totalement d'accord","D'accord","18–24",""
"2026/01/05 7:11:01 PM UTC+1","Plusieurs fois par jour","D'accord","Totalement d'accord","18–24","Collège / lycée"
"2026/01/05 7:35:21 PM UTC+1","Plusieurs fois par jour","Totalement d'accord","Neutre","–18","Collège / lycée"
"2026/01/05 8:11:16 PM UTC+1","Plusieurs fois par jour","Totalement d'accord","D'accord","18–24","Collège / lycée"
"2026/01/05 8:25:13 PM UTC+1","Plusieurs fois par jour","D'accord","Neutre","18–24","Université"
"2026/01/05 8:37:09 PM UTC+1","Plusieurs fois par jour","Totalement d'accord","D'accord","18–24","Université"
"2026/01/05 9:05:24 PM UTC+1","Plusieurs fois par jour","D'accord","Pas du tout d'accord","–18","Collège / lycée"
"2026/01/05 9:09:02 PM UTC+1","Plusieurs fois par jour","Totalement d'accord","Pas du tout d'accord","18–24","Collège / lycée"
"2026/01/05 9:13:05 PM UTC+1","Plusieurs fois par jour","Totalement d'accord","Neutre","–18","Collège / lycée"
"2026/01/05 9:44:35 PM UTC+1","Quelques fois par semaine","Neutre","Neutre","18–24","Collège / lycée"
"2026/01/05 10:22:03 PM UTC+1","Plusieurs fois par jour","Totalement d'accord","Pas d'accord","35–44","Université"
"2026/01/05 11:12:07 PM UTC+1","Plusieurs fois par jour","Totalement d'accord","D'accord","18–24","Collège / lycée"
"2026/01/05 11:37:08 PM UTC+1","Plusieurs fois par jour","Totalement d'accord","D'accord","18–24","Collège / lycée"
"2026/01/06 12:02:50 AM UTC+1","Plusieurs fois par jour","D'accord","Neutre","18–24","Collège / lycée"
"2026/01/06 12:04:16 AM UTC+1","Plusieurs fois par jour","Neutre","Pas du tout d'accord","–18","Collège / lycée"
"2026/01/06 1:26:42 PM UTC+1","Une fois par jour","D'accord","","18–24","Collège / lycée"
"2026/01/08 2:54:07 PM UTC+1","Plusieurs fois par jour","Totalement d'accord","Neutre","–18","Collège / lycée"
"2026/01/10 11:39:10 AM UTC+1","Plusieurs fois par jour","Totalement d'accord","Pas d'accord","–18","Université"
"2026/01/14 1:17:31 PM UTC+1","Plusieurs fois par jour","Neutre","","18–24","Université"